,City Name,Country Code,City Data,City Latitude,City Longitude,City Temperature,City Humidity,City Cloudiness,City Wind Speed
0,Belyy Yar,RU,1659527165,53.6039,91.3903,68.86,56,0,8.95
1,Bone,DE,1659527166,51.9669,12.1396,91.81,27,53,4.59
2,Ushuaia,AR,1659527165,-54.8,-68.3,33.46,93,40,2.3
3,Ribeira Grande,PT,1659527166,38.5167,-28.7,79.2,89,40,9.22
4,Broome,US,1659527142,42.2506,-75.833,64.54,90,0,1.99
5,Bluff,NZ,1659527167,-46.6,168.3333,44.8,81,100,11.14
6,Busselton,AU,1659527167,-33.65,115.3333,54.3,77,99,18.21
7,Giohar,SO,1659527167,2.7809,45.5005,86.18,44,47,22.75
8,Havøysund,NO,1659527168,70.9963,24.6622,52.03,82,81,12.62
9,Koshurnikovo,RU,1659527168,54.1667,93.3,61.07,63,75,4.25
10,Hermanus,ZA,1659527169,-34.4187,19.2345,58.8,73,24,11.54
11,Rikitea,PF,1659527171,-23.1203,-134.9692,72.25,72,59,15.23
12,Beberibe,BR,1659527171,-4.1797,-38.1306,78.78,78,68,13.06
13,Xai-Xai,MZ,1659527172,-25.0519,33.6442,75.11,46,3,7.54
14,Punta Arenas,CL,1659526959,-53.15,-70.9167,39.31,87,75,6.91
15,Tiksi,RU,1659527173,71.6872,128.8694,40.82,83,100,2.21
16,Kandrian,PG,1659527173,-6.2167,149.55,78.55,88,100,8.03
17,San José del Palmar,CO,1659527173,4.9742,-76.2283,62.2,94,99,1.86
18,Kavieng,PG,1659527174,-2.5744,150.7967,82.27,78,85,16.4
19,Lompoc,US,1659527174,34.6391,-120.4579,60.94,92,100,13.0
20,Pisco,PE,1659527175,-13.7,-76.2167,51.85,82,0,2.3
21,Marzuq,YE,1659527175,14.4,46.4667,89.04,36,100,5.01
22,Nuuk,GL,1659527176,64.1835,-51.7216,48.81,87,75,2.3
23,Guiyang,CN,1659527176,26.5833,106.7167,86.49,48,40,8.95
24,Arraial do Cabo,BR,1659527177,-22.9661,-42.0278,69.66,88,20,3.44
25,Iskateley,RU,1659527177,67.6803,53.1512,76.39,45,96,19.17
26,Bandarbeyla,SO,1659527178,9.4942,50.8122,84.43,60,76,30.09
27,Mataura,NZ,1659527178,-46.1927,168.8643,44.47,92,100,3.36
28,Padang,ID,1659527178,-0.9492,100.3543,80.65,89,95,5.46
29,Vaini,TO,1659527179,-21.2,-175.2,75.36,94,20,6.91
30,Cherskiy,RU,1659527179,68.75,161.3,41.4,94,100,9.69
31,Ambon City,ID,1659527179,-3.6954,128.1814,77.14,88,40,8.05
32,Bulawayo,ZW,1659527180,-20.15,28.5833,76.37,24,0,5.17
33,Grindavik,IS,1659527180,63.8424,-22.4338,50.47,62,75,16.11
34,Airai,TL,1659527181,-8.9266,125.4092,57.51,86,96,1.77
35,Ulladulla,AU,1659527181,-35.35,150.4667,59.16,80,7,8.66
36,Quatre Cocos,MU,1659527182,-20.2078,57.7625,74.08,63,21,12.19
37,Saint-Philippe,RE,1659527182,-21.3585,55.7679,74.79,82,42,11.72
38,Norman Wells,CA,1659527182,65.282,-126.8329,55.44,94,75,14.97
39,Vallenar,CL,1659527183,-28.5708,-70.7581,50.94,89,99,2.73
40,Ust'-Omchug,RU,1659527183,61.15,149.6333,58.41,79,100,7.11
41,Sitka,US,1659527183,57.0531,-135.33,53.49,87,20,3.44
42,Nikolskoye,RU,1659527184,59.7035,30.7861,76.87,41,79,6.64
43,Tuktoyaktuk,CA,1659527185,69.4541,-133.0374,43.14,91,94,8.93
44,Mahon,ES,1659527185,39.8885,4.2658,90.16,37,20,9.22
45,Kiama,AU,1659527186,-34.6833,150.8667,66.0,83,2,10.25
46,Avarua,CK,1659527186,-21.2078,-159.775,73.45,60,75,14.97
47,Lima,PE,1659527066,-12.0432,-77.0282,58.89,87,100,8.05
48,Izberbash,RU,1659527187,42.5696,47.8645,87.85,51,16,9.19
49,Port Alfred,ZA,1659527188,-33.5906,26.891,72.18,57,48,4.12
50,Cape Town,ZA,1659526974,-33.9258,18.4232,64.89,67,40,10.36
51,San Matías,BO,1659527188,-16.3667,-58.4,78.49,31,46,5.23
52,Togur,RU,1659527188,58.3631,82.8265,64.44,60,97,6.82
53,Lorengau,PG,1659527189,-2.0226,147.2712,82.4,77,99,12.06
54,Olbia,IT,1659527189,40.9214,9.4856,87.85,62,20,14.97
55,San Patricio,US,1659527190,28.017,-97.5169,84.88,79,17,12.68
56,Jamestown,US,1659527177,42.097,-79.2353,64.71,74,40,5.75
57,Biak,ID,1659527190,-0.9131,122.8766,75.94,85,71,6.15
58,Loíza,PR,1659527191,18.4313,-65.8802,83.05,81,40,3.44
59,Hithadhoo,MV,1659527191,-0.6,73.0833,80.19,78,21,13.65
60,Melita,CA,1659527191,49.2681,-100.9967,55.54,89,0,8.19
61,Kapaa,US,1659527192,22.0752,-159.319,79.12,88,0,13.8
62,Kaitangata,NZ,1659527192,-46.2817,169.8464,43.9,81,93,4.45
63,Albany,US,1659527193,42.6001,-73.9662,68.79,78,2,3.91
64,Faya,SA,1659527193,18.3851,42.4509,75.72,56,97,10.45
65,Kamskiye Polyany,RU,1659527193,55.4307,51.4171,77.81,70,46,5.57
66,Hualmay,PE,1659527194,-11.0964,-77.6139,60.19,88,54,8.86
67,Caesarea,IL,1659527194,32.5189,34.9046,89.53,58,2,9.55
68,Pirovskoye,RU,1659527194,57.6267,92.2658,55.09,85,96,7.23
69,Flinders,AU,1659527195,-34.5833,150.8552,59.18,83,4,7.0
70,Mahébourg,MU,1659527195,-20.4081,57.7,74.25,60,40,11.5
71,Khatanga,RU,1659527195,71.9667,102.5,52.59,57,81,8.68
72,Urdoma,RU,1659527196,61.7533,48.5442,77.83,42,96,8.7
73,Provideniya,RU,1659527196,64.3833,-173.3,54.27,65,0,3.6
74,Zhalantun,CN,1659527197,48.0,122.7167,74.82,75,20,3.8
75,Guaymas,MX,1659527197,27.9333,-110.9,75.88,61,100,3.47
76,Askino,RU,1659527197,56.0901,56.5783,75.96,42,5,7.85
77,Atuona,PF,1659527198,-9.8,-139.0333,77.34,75,27,15.59
78,Solnechnyy,RU,1659527198,50.7214,136.6319,61.27,99,100,3.74
79,Neuquén,AR,1659527169,-38.9516,-68.0591,26.49,86,0,0.0
80,Khovd,MN,1659527199,48.0056,91.6419,78.85,23,37,6.69
81,Severo-Kuril'sk,RU,1659527199,50.6789,156.125,51.62,85,71,7.25
82,New Norfolk,AU,1659527200,-42.7826,147.0587,53.92,80,51,1.99
83,Meulaboh,ID,1659527200,4.1363,96.1285,75.04,94,100,5.93
84,São Filipe,CV,1659527201,14.8961,-24.4956,78.12,79,15,1.54
85,Mar del Plata,AR,1659527156,-38.0023,-57.5575,53.1,98,100,6.91
86,Behat,IN,1659527201,30.1667,77.6167,90.63,63,37,5.82
87,Lebu,CL,1659527202,-37.6167,-73.65,44.42,88,92,6.53
88,Hasaki,JP,1659527202,35.7333,140.8333,86.4,85,70,7.27
89,Port Blair,IN,1659527203,11.6667,92.75,77.04,88,100,6.91
90,Saint-Joseph,RE,1659526711,-21.3667,55.6167,73.78,80,29,13.96
91,Dargaville,NZ,1659527204,-35.9333,173.8833,50.85,95,33,3.0
92,Mount Gambier,AU,1659527204,-37.8333,140.7667,51.71,93,75,17.27
93,Gornorechenskiy,RU,1659527204,44.2624,135.1133,69.21,100,75,0.58
94,Carnduff,CA,1659527205,49.1667,-101.8009,55.38,93,1,7.18
95,Wucheng,CN,1659527205,29.6008,118.175,84.36,74,53,1.07
96,Hobart,AU,1659527205,-42.8794,147.3294,54.27,77,20,4.61
97,Tczew,PL,1659527206,54.0924,18.7779,85.64,100,8,10.02
98,Sirte,LY,1659527206,31.2089,16.5887,85.12,57,0,10.67
99,Itarema,BR,1659527207,-2.9248,-39.9167,80.73,70,71,14.85
100,Mizhou,CN,1659527207,35.9947,119.3975,80.08,89,23,6.93
101,Manaure,CO,1659527208,11.7751,-72.4445,80.56,73,70,18.14
102,Katsuura,JP,1659527208,35.1333,140.3,81.7,85,52,9.75
103,Valparaíso,CL,1659527209,-33.0393,-71.6273,49.48,90,20,4.61
104,Boca do Acre,BR,1659527209,-8.7522,-67.3978,76.84,74,60,2.08
105,Goundam,ML,1659527210,16.4145,-3.6708,94.08,39,50,6.04
106,Bengkulu,ID,1659527210,-3.8004,102.2655,77.09,85,100,0.47
107,Cua,VE,1659527211,10.1589,-66.8858,79.59,95,94,1.25
108,Cidreira,BR,1659527211,-30.1811,-50.2056,62.4,91,93,12.77
109,Sept-Îles,CA,1659527212,50.2001,-66.3821,62.06,73,20,10.36
110,Nome,US,1659527092,64.5011,-165.4064,48.27,93,20,0.0
111,Neftçala,AZ,1659527213,39.3742,49.2472,86.4,47,24,11.59
112,Taoudenni,ML,1659527214,22.6783,-3.9836,112.03,9,18,3.71
113,Aklavik,CA,1659527214,68.2191,-135.0107,39.79,94,66,6.85
114,Loukhi,RU,1659527214,66.0764,33.0381,66.0,43,62,11.61
115,Castro,BR,1659527215,-24.7911,-50.0119,62.51,72,0,5.03
116,Leningradskiy,RU,1659527215,69.3833,178.4167,44.74,75,100,6.38
117,Cerrito,CO,1659527216,6.8432,-72.694,53.62,91,100,3.67
118,Songjianghe,CN,1659527217,42.1859,127.479,68.49,94,78,0.76
119,Puerto Ayora,EC,1659527217,-0.7393,-90.3518,68.56,90,83,5.01
120,São Borja,BR,1659527218,-28.6606,-56.0044,64.94,75,58,6.53
121,Port Elizabeth,ZA,1659527218,-33.918,25.5701,76.32,50,0,4.61
122,Saskylakh,RU,1659527218,71.9167,114.0833,48.4,59,100,11.63
123,Vila Velha,BR,1659526996,-20.3297,-40.2925,72.95,83,75,3.44
124,Kāmāreddi,IN,1659527219,18.3167,78.35,81.14,80,100,2.95
125,Bethel,US,1659526998,41.3712,-73.414,73.53,87,0,3.44
126,Butaritari,KI,1659527220,3.0707,172.7902,80.46,80,53,14.74
127,Vao,NC,1659527220,-22.6667,167.4833,71.96,83,56,11.52
128,Diré,ML,1659527221,12.2833,-10.9667,85.98,67,89,1.99
129,Province of Trapani,IT,1659527221,37.8333,12.6667,94.28,70,20,11.5
130,Mount Isa,AU,1659527221,-20.7333,139.5,67.77,52,4,0.0
131,Qaanaaq,GL,1659527222,77.484,-69.3632,43.7,63,96,4.21
132,Dikson,RU,1659527222,73.5069,80.5464,43.21,98,99,9.82
133,Owando,CG,1659527223,-0.4819,15.8999,95.34,32,20,3.38
134,Cap Malheureux,MU,1659527224,-19.9842,57.6142,74.46,60,20,5.99
135,Yellowknife,CA,1659527034,62.456,-114.3525,52.32,76,40,8.05
136,Phalombe,MW,1659527224,-15.8064,35.6507,72.52,51,79,3.94
137,Fortuna,US,1659527225,40.5982,-124.1573,57.34,92,67,3.51
138,Saldanha,ZA,1659527226,-33.0117,17.9442,60.85,73,4,9.48
139,Portland,US,1659526835,45.5234,-122.6762,64.74,81,0,3.44
140,Sinegor'ye,RU,1659527227,62.0788,150.477,62.17,77,100,6.17
141,Jishou,CN,1659527227,28.3167,109.7167,86.63,63,57,0.63
142,Mednogorsk,RU,1659527227,51.4128,57.595,75.42,48,88,14.63
143,East London,ZA,1659527228,-33.0153,27.9116,76.14,53,0,3.44
144,Yabrūd,SY,1659527228,33.9674,36.6574,91.27,13,0,12.59
145,Thompson,CA,1659527113,55.7435,-97.8558,37.56,100,0,4.61
146,Bambous Virieux,MU,1659527229,-20.3428,57.7575,74.21,60,40,11.5
147,Inongo,CD,1659527229,-1.95,18.2667,74.46,64,72,2.17
148,Obihiro,JP,1659527230,42.9172,143.2044,63.81,99,100,3.51
149,Bell Ville,AR,1659527230,-32.6259,-62.6887,55.53,63,76,8.08
150,Bredasdorp,ZA,1659527231,-34.5322,20.0403,66.49,58,7,6.51
151,Port Macquarie,AU,1659527231,-31.4333,152.9167,52.9,88,11,7.9
152,Buala,SB,1659527232,-8.145,159.5921,80.11,84,21,8.79
153,Alta Floresta,BR,1659527232,-9.8756,-56.0861,78.82,37,96,4.25
154,Carnarvon,AU,1659527233,-24.8667,113.6333,65.62,60,54,15.52
155,Batagay,RU,1659527233,67.6333,134.6333,50.45,80,89,3.94
156,Korla,CN,1659527233,41.7597,86.1469,91.87,20,3,5.19
157,Moshi,TZ,1659527234,-3.35,37.3333,77.18,46,62,7.23
158,Codrington,AU,1659527234,-38.2667,141.9667,57.96,68,38,19.93
159,Barrow,US,1659527235,71.2906,-156.7887,43.79,69,94,10.42
160,Okha,RU,1659527235,53.5739,142.9478,55.58,92,100,14.36
161,Eureka,US,1659527235,40.8021,-124.1637,62.67,92,55,1.01
162,Tura,IN,1659527236,25.5198,90.2201,77.34,96,100,4.12
163,Tasiilaq,GL,1659527237,65.6145,-37.6368,44.76,74,7,9.51
164,Juneau,US,1659527237,58.3019,-134.4197,54.84,98,75,6.91
165,Caravelas,BR,1659527237,-17.7125,-39.2481,76.57,64,22,3.65
166,Samaná,DO,1659527238,19.2056,-69.3369,73.36,85,30,6.87
167,Sola,VU,1659527238,-13.8833,167.55,81.16,76,0,15.9
168,San Miguel de Tucumán,AR,1659526959,-26.8241,-65.2226,62.6,59,100,4.61
169,Tevaitoa,PF,1659527239,-16.7833,-151.5,77.97,73,15,22.55
170,Porto Belo,BR,1659527239,-27.1578,-48.5531,70.25,89,100,5.35
171,Benguela,AO,1659527240,-12.5763,13.4055,71.91,63,18,9.93
172,Lavrentiya,RU,1659527241,65.5833,-171.0,49.01,71,17,4.68
173,Havre-St-Pierre,CA,1659527106,50.2334,-63.5986,59.36,82,0,8.05
174,Barstow,US,1659526967,34.8986,-117.0228,81.59,38,20,6.38
175,Almaznyy,RU,1659527241,48.0448,40.045,87.46,36,30,12.15
176,Dudinka,RU,1659527242,69.4058,86.1778,63.63,44,74,7.78
177,Challapata,BO,1659527242,-18.9,-66.7667,41.43,51,64,2.08
178,Abhā,SA,1659527243,18.2164,42.5053,75.45,53,40,18.41
179,Ergani,TR,1659527243,38.2653,39.7621,102.88,10,1,9.22
180,Torbay,CA,1659527243,47.6666,-52.7314,74.35,81,75,11.5
181,Pinheiro Machado,BR,1659527244,-31.5783,-53.3811,56.05,98,92,5.95
182,George Town,MY,1659527031,5.4112,100.3354,84.13,77,20,3.44
183,Lüderitz,NA,1659527244,-26.6481,15.1594,62.02,68,0,10.31
184,Atikokan,CA,1659527245,48.7555,-91.6216,64.27,92,80,6.91
185,San Cristobal,VE,1659527245,7.7669,-72.225,66.38,69,100,3.31
186,Liverpool,GB,1659527246,53.4106,-2.9779,73.15,54,40,23.02
187,Edd,ER,1659527246,13.9297,41.6925,93.33,51,83,14.47
188,Geraldton,AU,1659527246,-28.7667,114.6,61.21,72,75,17.27
189,Guerrero Negro,MX,1659527247,27.9769,-114.0611,69.71,89,96,12.44
190,Nanortalik,GL,1659527247,60.1432,-45.2371,49.21,70,100,8.19
191,Inuvik,CA,1659527111,68.3499,-133.7218,43.81,96,75,6.91
192,Temir,KZ,1659527248,49.1414,57.13,83.7,33,51,9.57
193,Bathsheba,BB,1659527248,13.2167,-59.5167,84.81,84,20,19.57
194,Saint George,US,1659527011,37.1041,-113.5841,81.63,50,0,8.05
195,Chui,UY,1659527249,-33.6971,-53.4616,55.94,95,96,3.4
196,Fort Nelson,CA,1659527249,58.8053,-122.7002,53.19,100,75,0.0
197,Padilla,CO,1659527250,3.2204,-76.3139,67.57,81,96,1.74
198,Santa Maria,BR,1659527250,-29.6842,-53.8069,54.7,100,100,11.5
199,Ayan,RU,1659527250,56.45,138.1667,55.78,95,100,11.56
200,Port-Gentil,GA,1659527251,-0.7193,8.7815,82.36,65,20,16.11
201,Puerto López,CO,1659527251,4.0845,-72.956,71.73,94,99,2.24
202,Zeya,RU,1659527251,53.75,127.2667,66.97,90,54,3.74
203,Havelock,US,1659527252,34.8791,-76.9013,83.95,93,0,0.0
204,Bulgan,MN,1659527252,48.8125,103.5347,64.08,85,82,2.24
205,Belaya Gora,RU,1659527253,68.5333,146.4167,51.03,75,100,0.72
206,Oistins,BB,1659527253,13.0667,-59.5333,84.29,70,20,19.57
207,Port Lincoln,AU,1659527253,-34.7333,135.8667,55.67,74,32,23.06
208,Mayskiy,RU,1659527254,47.6931,40.1025,85.41,36,46,9.64
209,Mumford,GH,1659527254,5.2618,-0.759,75.18,72,57,11.63
210,Talcahuano,CL,1659527255,-36.7167,-73.1167,35.28,93,20,2.3
211,Taksimo,RU,1659527255,56.3444,114.8794,65.89,76,94,4.32
212,Temple,US,1659527255,31.0982,-97.3428,78.24,86,0,11.5
213,Yar-Sale,RU,1659527256,66.8333,70.8333,74.68,40,98,8.72
214,Ancud,CL,1659527256,-41.8697,-73.8203,47.23,89,97,11.12
215,Crotone,IT,1659527256,39.0851,17.1178,91.35,35,0,17.27
216,Naze,JP,1659527257,28.3667,129.4833,81.52,88,31,9.13
217,Nālūt,LY,1659527258,30.3333,10.85,103.53,11,79,12.75
218,Barão de Melgaço,BR,1659527258,-16.1944,-55.9675,82.02,22,2,4.76
219,El Salvador,SV,1659527062,13.8333,-88.9167,71.06,97,96,3.2
220,Puerto del Rosario,ES,1659527259,28.5004,-13.8627,78.55,73,20,19.57
221,Longyearbyen,SJ,1659527259,78.2186,15.6401,53.44,66,75,9.22
222,Xichang,CN,1659527259,27.8964,102.2634,73.69,82,81,3.42
223,Cayenne,GF,1659527062,4.9333,-52.3333,77.09,1,75,1.14
224,Srednekolymsk,RU,1659527260,67.45,153.6833,51.57,95,100,6.6
225,Varhaug,NO,1659527261,58.6147,5.6457,66.47,93,94,15.32
226,Shenjiamen,CN,1659527261,29.9576,122.298,83.03,84,3,18.59
227,Chokurdakh,RU,1659527261,70.6333,147.9167,51.48,56,100,4.54
228,Sakaraha,MG,1659527262,-22.9,44.5333,83.53,23,1,3.76
229,Ukiah,US,1659527103,39.1502,-123.2078,74.64,70,0,0.0
230,Alice Springs,AU,1659527262,-23.7,133.8833,81.95,32,0,21.85
231,Niono,ML,1659527263,14.2526,-5.993,91.63,42,76,6.06
232,Aswān,EG,1659527263,24.0934,32.907,105.1,17,0,8.05
233,Bismarck,US,1659527264,46.8083,-100.7837,64.24,81,0,8.05
234,Klaksvík,FO,1659527264,62.2266,-6.589,50.92,85,96,21.45
235,Pokhara,NP,1659527265,28.2333,83.9833,77.94,91,97,1.61
236,Valleyview,CA,1659527265,55.0667,-117.2859,53.64,100,100,8.05
237,Roald,NO,1659527266,62.5833,6.1333,65.75,82,75,10.36
238,Lagoa,PT,1659527266,39.05,-27.9833,74.91,83,8,8.77
239,Skibbereen,IE,1659527267,51.55,-9.2667,64.11,70,27,15.12
240,Shīeli,KZ,1659527267,44.1667,66.75,82.09,40,84,10.8
241,Daoukro,CI,1659527268,7.0591,-3.9631,81.45,60,98,3.78
242,College,US,1659527268,64.8569,-147.8028,57.58,91,75,0.0
243,Phang Nga,TH,1659527269,8.4509,98.5298,82.44,91,99,2.04
244,Kargat,RU,1659527269,55.1956,80.2811,70.61,44,1,10.67
245,Singkang,MY,1659527270,2.1006,102.7994,77.18,90,100,2.08
246,Rundu,NA,1659527270,-17.9333,19.7667,84.78,19,69,5.57
247,Batticaloa,LK,1659527271,7.7102,81.6924,83.75,65,100,14.05
248,Fare,PF,1659527271,-16.7,-151.0167,78.46,73,0,20.69
249,Kisangani,CD,1659527272,0.5167,25.2,86.5,53,69,3.13
250,Souillac,MU,1659527273,-20.5167,57.5167,73.78,60,40,11.5
251,Porto Nacional,BR,1659527273,-10.7081,-48.4172,82.4,28,64,8.97
252,Likasi,CD,1659527273,-10.9814,26.7333,79.43,26,1,5.03
253,Hilo,US,1659526988,19.7297,-155.09,70.29,91,100,5.75
254,Iqaluit,CA,1659527274,63.7506,-68.5145,46.13,81,75,4.61
255,Dragalina,RO,1659527274,44.4333,27.3167,84.11,21,0,14.32
256,Husavik,IS,1659527275,66.0449,-17.3389,44.15,95,100,13.69
257,Tongchuanshi,CN,1659527275,35.0806,109.0897,84.49,51,3,4.76
258,Bandar-e Lengeh,IR,1659527276,26.5579,54.8807,100.51,56,21,11.5
259,Úmbita,CO,1659527276,5.2204,-73.4569,51.73,97,100,0.74
260,Beringovskiy,RU,1659527276,63.05,179.3167,51.8,85,2,8.9
261,Kutum,SD,1659527277,14.2,24.6667,87.08,36,52,8.12
262,Homer,US,1659527221,59.6425,-151.5483,52.81,93,0,5.99
263,Badarpur,IN,1659527277,24.9,92.6,82.58,92,91,1.74
264,Malé,MV,1659527144,4.1748,73.5089,85.95,74,75,18.41
265,Delémont,CH,1659527278,47.3649,7.3445,93.24,45,28,0.18
266,Rantoul,US,1659527278,40.3084,-88.1559,73.42,100,0,5.75
267,Dingle,PH,1659527279,10.9995,122.6711,78.75,87,100,3.69
268,Isiolo,KE,1659527279,0.3546,37.5822,78.15,43,45,14.03
269,Esperance,AU,1659527279,-33.8667,121.9,55.24,76,54,35.3
270,Pevek,RU,1659527280,69.7008,170.3133,34.86,99,100,8.75
271,Zunyi,CN,1659527280,27.6867,106.9072,77.88,77,84,3.31
272,Tuatapere,NZ,1659527280,-46.1333,167.6833,44.1,89,99,5.55
273,Lata,PT,1659527281,40.1629,-8.3327,84.49,49,11,7.07
274,Zhangjiakou,CN,1659527281,40.81,114.8794,82.4,62,77,6.08
275,Barkhan,PK,1659527282,29.8977,69.5256,88.0,46,13,18.48
276,Mordovo,RU,1659527282,52.0834,40.77,79.74,48,100,6.91
277,Joshīmath,IN,1659527283,30.5667,79.5667,73.33,98,93,2.04
278,Vila Franca do Campo,PT,1659527284,37.7167,-25.4333,75.61,61,1,6.98
279,Kruisfontein,ZA,1659527284,-34.0033,24.7314,73.54,40,37,7.31
280,Hong Kong,HK,1659526999,22.2855,114.1577,83.32,87,89,8.01
281,Bubaque,GW,1659527285,11.2833,-15.8333,80.33,72,98,4.9
282,Novikovo,RU,1659527285,51.1537,37.8879,79.21,56,100,12.46
283,Plácido de Castro,BR,1659527286,-10.3353,-67.1856,76.78,69,74,1.86
284,Pattani,TH,1659527286,6.75,100.4167,83.91,86,100,2.93
285,Upernavik,GL,1659527286,72.7868,-56.1549,44.87,74,94,2.15
286,Nha Trang,VN,1659527287,12.25,109.1833,78.8,87,83,4.45
287,Ampanihy,MG,1659527288,-24.7,44.75,80.64,33,0,4.65
288,Meadow Lake,US,1659527288,34.8014,-106.5436,73.11,53,40,2.86
289,Pangnirtung,CA,1659527289,66.1451,-65.7125,42.8,87,75,3.44
290,Vaitape,PF,1659527289,-16.5167,-151.75,78.48,72,6,22.44
291,Sobolevo,RU,1659527290,54.4299,31.8996,73.47,70,92,4.74
292,Egvekinot,RU,1659527290,66.3167,-179.1667,50.79,71,75,4.16
293,Labytnangi,RU,1659527290,66.6572,66.4183,77.9,35,54,7.92
294,Stornoway,GB,1659527199,58.2093,-6.3865,60.93,73,40,12.66
295,Semnan,IR,1659527291,35.5729,53.3971,98.44,12,75,13.8
296,Goderich,CA,1659527018,43.7501,-81.7165,65.91,82,70,9.22
297,Sur,OM,1659527292,22.5667,59.5289,93.67,56,69,3.51
298,Plettenberg Bay,ZA,1659527292,-34.0527,23.3716,64.56,65,19,8.79
299,Bandar-e Anzali,IR,1659527293,37.4727,49.4622,87.91,58,21,8.81
300,Manavālakurichi,IN,1659527294,8.1333,77.3,76.41,91,100,17.34
301,Ciudad Bolivar,VE,1659526875,8.1222,-63.5497,76.68,88,99,7.38
302,La Providencia,MX,1659527034,28.7167,-111.5833,85.17,58,97,1.99
303,Haines Junction,CA,1659527295,60.7522,-137.5108,49.95,93,100,0.0
304,Dormidontovka,RU,1659527296,47.7702,134.9076,71.17,89,3,5.14
305,Kavaratti,IN,1659527296,10.5669,72.642,77.61,90,100,30.4
306,Nouadhibou,MR,1659527297,20.931,-17.0347,71.53,87,83,10.67
307,Grindsted,DK,1659527297,55.754,8.9123,75.22,78,75,13.8
308,Beloha,MG,1659527298,-25.1667,45.05,78.78,39,1,11.56
309,Plymouth,US,1659527274,41.8334,-70.8328,76.68,71,0,6.91
310,Cairns,AU,1659527298,-16.9167,145.7667,73.35,81,100,8.05
311,Paraná,AR,1659527299,-31.732,-60.5238,55.56,98,100,6.91
312,Beidao,CN,1659527299,34.5686,105.8933,77.88,72,61,6.35
313,Isangel,VU,1659527300,-19.55,169.2667,76.08,87,5,3.65
314,Porbandar,IN,1659527300,21.6422,69.6093,87.78,70,40,13.8
315,Hambantota,LK,1659527301,6.1241,81.1185,84.54,79,75,16.11
316,Benghazi,LY,1659527301,32.1167,20.0667,84.79,59,0,19.39
317,San Quintín,MX,1659527302,30.4833,-115.95,68.7,91,86,8.97
318,‘Āhuimanu,US,1659527302,21.4447,-157.8378,76.71,77,40,10.36
319,Ulaangom,MN,1659527302,49.9811,92.0667,74.17,41,71,2.13
320,Banda Aceh,ID,1659527303,5.5577,95.3222,78.4,81,100,14.2
321,Corrente,BR,1659527304,-3.7367,-43.3394,83.34,56,17,5.66
322,Afonino,RU,1659527304,56.262,44.095,79.99,41,40,4.47
323,Tabou,CI,1659527305,4.423,-7.3528,76.86,74,98,8.88
324,Maïné Soroa,NE,1659527305,13.2114,12.0241,84.33,56,73,7.63
325,Ponta do Sol,PT,1659527305,32.6667,-17.1,83.71,68,3,2.77
326,Harper,LR,1659527306,4.375,-7.7169,77.77,70,100,8.72
327,Frederikshavn,DK,1659527306,57.4407,10.5366,70.45,83,98,13.44
328,Leh,IN,1659527307,34.1667,77.5833,70.93,17,1,5.46
329,Safita,SY,1659527307,34.8205,36.1153,85.78,52,2,13.58
330,Huarmey,PE,1659527307,-10.0681,-78.1522,62.42,84,57,6.55
331,Ducheng,CN,1659527308,23.2373,111.5317,82.42,80,99,2.62
332,La Huaca,PE,1659527308,-4.9117,-80.96,65.12,83,90,12.82
333,Sarakhs,IR,1659527309,36.5449,61.1577,104.14,16,40,4.61
334,Łobez,PL,1659527309,53.6392,15.6213,87.67,44,15,7.07
335,Karabash,RU,1659527309,55.4808,60.2157,71.96,49,3,8.21
336,Ferrol,ES,1659527310,43.4832,-8.2369,70.27,75,68,16.33
337,Chase,CA,1659527310,50.8165,-119.6857,63.48,43,98,4.09
338,Oberriet,CH,1659527311,47.3199,9.5661,93.47,48,0,8.01
339,Bonavista,CA,1659527311,48.6499,-53.1147,62.85,95,48,14.27
340,Saint-Pierre,RE,1659527312,-21.3393,55.4781,74.88,69,0,23.02
341,Vulcan,RO,1659527312,45.3833,23.2667,79.32,34,16,7.05
342,Touros,BR,1659527312,-5.1989,-35.4608,81.57,68,25,12.17
343,Rome,US,1659527014,43.2128,-75.4557,69.66,88,40,3.44
344,Qaqortoq,GL,1659527313,60.7167,-46.0333,49.23,65,100,6.15
345,Isla Mujeres,MX,1659527313,21.2311,-86.731,77.16,84,5,6.62
346,Kuytun,RU,1659527313,54.3419,101.5036,55.74,81,78,5.26
347,Laas,IT,1659527109,46.6166,10.7002,79.7,41,25,2.35
348,Necochea,AR,1659527314,-38.5473,-58.7368,50.27,96,40,7.72
349,Kachīry,KZ,1659527314,53.0675,76.1036,74.88,34,99,12.3
350,Kenai,US,1659527315,60.5544,-151.2583,47.03,100,0,0.0
351,Andenes,NO,1659527315,69.3143,16.1194,58.93,88,0,5.75
352,Marawi,PH,1659527316,7.9986,124.2928,70.47,97,100,3.13
353,Caculé,BR,1659527316,-14.5033,-42.2222,72.66,57,0,9.46
354,Huntingdon,GB,1659527317,52.3305,-0.1865,79.86,66,91,11.01
355,Longyan,CN,1659527317,25.1072,117.0225,74.41,97,64,3.11
356,Baker City,US,1659527317,44.7749,-117.8344,66.65,82,0,0.0
357,Tanout,NE,1659527318,14.9709,8.8879,85.82,52,96,9.01
358,Waipawa,NZ,1659527319,-41.4122,175.5153,46.99,84,0,3.83
359,Pahlgām,IN,1659527319,34.0333,75.3333,69.24,64,42,6.42
360,Pyu,MM,1659527320,18.4833,96.4333,78.64,92,98,9.37
361,Waverly,US,1659527320,42.7392,-84.6208,73.33,83,0,9.22
362,Washougal,US,1659527228,45.5826,-122.3534,65.01,84,0,4.61
363,Morant Bay,JM,1659527321,17.8815,-76.4093,80.22,80,100,7.49
364,Garissa,KE,1659527321,-0.4536,39.6401,91.0,31,38,21.12
365,Kahului,US,1659527321,20.8947,-156.47,76.84,77,0,9.22
366,Ganzhou,CN,1659527322,28.8184,115.4327,85.37,73,10,4.34
367,Kholodnyy,RU,1659527322,62.7167,147.95,61.11,77,100,7.45
368,Delmas 73,HT,1659527322,18.5447,-72.3028,75.92,88,20,4.61
369,Mahon,ES,1659527185,39.8885,4.2658,90.16,37,20,9.22
370,La Ronge,CA,1659527323,55.1001,-105.2842,50.25,93,75,1.14
371,Hofn,IS,1659527323,64.2539,-15.2082,55.42,54,20,23.02
372,Jérémie,HT,1659527324,18.65,-74.1167,80.85,74,33,2.3
373,Hay River,CA,1659527324,60.8156,-115.7999,53.58,71,20,9.22
374,Sisimiut,GL,1659527325,66.9395,-53.6735,51.39,70,96,6.04
375,Salalah,OM,1659527325,17.0151,54.0924,80.69,89,100,12.66
376,Kalmunai,LK,1659527326,7.4167,81.8167,83.62,66,100,6.31
377,Ingham,US,1659527326,42.6,-84.3833,70.83,86,0,5.75
378,Aksarka,RU,1659527326,66.5606,67.7975,78.01,34,83,9.26
379,Ilulissat,GL,1659527327,69.2167,-51.1,46.42,87,75,6.91
380,Slave Lake,CA,1659527327,55.2834,-114.769,51.78,93,100,6.91
381,Ginda,IN,1659527328,30.6945,78.4932,68.41,96,95,1.66
382,Makakilo City,US,1659527328,21.3469,-158.0858,75.52,72,0,6.91
383,Clyde River,CA,1659527328,70.4692,-68.5914,37.63,100,100,8.05
384,Tongzi,CN,1659527329,28.7829,105.0877,83.01,84,35,5.5
385,Francisco Beltrão,BR,1659527329,-26.0811,-53.055,64.51,69,0,3.42
386,Fairbanks,US,1659527132,64.8378,-147.7164,57.6,91,100,0.0
387,Acaraú,BR,1659527330,-2.8856,-40.12,80.37,72,63,15.35
388,Camaná,PE,1659527330,-16.6228,-72.7111,59.25,83,73,8.32
389,Turukhansk,RU,1659527330,65.8167,87.9833,66.49,40,11,10.69
390,Bălţaţi,RO,1659527331,47.2167,27.15,83.59,36,52,14.38
391,Svetlaya,RU,1659527331,46.5389,138.3297,64.51,99,100,3.38
392,Oranjemund,NA,1659527332,-28.55,16.4333,60.17,71,0,7.54
393,Chapleau,CA,1659527112,47.8405,-83.4034,60.89,94,100,9.22
394,Imeni Babushkina,RU,1659527332,59.7573,43.1285,77.68,45,97,6.15
395,Sibolga,ID,1659527332,1.7427,98.7792,76.12,92,100,7.31
396,Iturama,BR,1659527333,-19.7281,-50.1956,78.64,35,50,6.26
397,Ostrovnoy,RU,1659527333,68.0531,39.5131,58.19,84,100,17.85
398,Mahē,IN,1659527334,11.7,75.5333,78.17,89,100,7.74
399,Faanui,PF,1659527334,-16.4833,-151.75,78.57,72,4,21.27
400,Erenhot,CN,1659527335,43.6475,111.9767,87.78,38,84,5.3
401,Yanam,IN,1659527335,16.7333,82.2167,85.32,71,100,5.32
402,St. Marys,US,1659527335,30.7305,-81.5465,78.01,90,0,8.05
403,Araouane,ML,1659527336,18.9048,-3.5265,99.36,31,26,8.99
404,Province of Vibo Valentia,IT,1659527336,38.6996,16.1274,81.19,48,1,7.36
405,Kindu,CD,1659527336,-2.95,25.95,93.96,31,18,0.29
406,Acapulco de Juárez,MX,1659527327,16.8634,-99.8901,78.01,86,97,5.46
407,Mossamedes,AO,1659527337,-15.1961,12.1522,68.99,59,22,9.62
408,Chake Chake,TZ,1659527337,-5.2459,39.7666,80.04,62,2,14.88
409,Ambilobe,MG,1659527338,-13.2,49.05,86.23,34,2,3.33
410,Saint Paul Harbor,US,1659527338,57.79,-152.4072,62.11,55,0,10.36
411,Jaguaribe,BR,1659527339,-5.8906,-38.6219,81.32,61,77,6.55
412,Zyryanka,RU,1659527339,65.75,150.85,56.12,90,100,10.54
413,Maniitsoq,GL,1659527339,65.4167,-52.9,44.87,79,100,3.22
414,Iralaya,HN,1659527340,15.0,-83.2333,79.95,84,100,10.71
415,Sungai Penuh,ID,1659527340,-2.0833,101.3833,65.57,99,100,0.4
416,Farah,AF,1659527340,32.5,62.5,98.8,10,0,3.13
417,Montichiari,IT,1659527341,45.4152,10.3907,92.01,41,0,6.91
418,Constitución,CL,1659527308,-35.3333,-72.4167,43.72,75,14,5.97
419,Kulhudhuffushi,MV,1659527341,6.6221,73.07,80.58,82,100,23.91
420,Cabo San Lucas,MX,1659527274,22.8909,-109.9124,81.52,67,1,10.4
421,Ishinomaki,JP,1659527342,38.4167,141.3,73.4,91,57,14.54
422,Dalby,AU,1659527342,-27.1833,151.2667,56.98,79,3,8.93
423,Dunedin,NZ,1659527076,-45.8742,170.5036,50.81,70,78,4.0
424,Los Llanos de Aridane,ES,1659527343,28.6585,-17.9182,73.13,85,20,19.57
425,Léo,BF,1659527343,11.1,-2.1,83.97,63,88,7.74
426,Bhāyāvadar,IN,1659527344,21.85,70.25,89.42,54,97,10.27
427,Muisne,EC,1659527344,0.6,-80.0333,73.36,86,100,8.23
428,Viedma,AR,1659527344,-40.8135,-62.9967,41.59,77,0,3.6
429,Umluj,SA,1659527345,25.0213,37.2685,91.29,53,97,10.54
430,Grand-Lahou,CI,1659527345,5.1367,-5.0242,76.53,74,87,7.11
431,Sabang,ID,1659527345,5.8933,95.3214,80.62,76,100,22.77
432,Vyritsa,RU,1659527346,59.4078,30.3481,74.71,41,86,6.78
433,Salinópolis,BR,1659527298,-0.6136,-47.3561,82.47,75,63,12.82
434,Rawson,AR,1659527193,-43.3002,-65.1023,39.83,64,36,6.8
435,Bela,IN,1659527347,25.9333,81.9833,92.64,55,100,4.92
436,Northam,GB,1659527347,51.0333,-4.2167,69.66,64,43,13.33
437,Petrolina,BR,1659527122,-9.3986,-40.5008,75.25,69,20,19.73
438,Harrisonburg,US,1659527271,38.4496,-78.8689,68.7,96,0,0.0
439,Mahanoro,MG,1659527347,-19.9,48.8,70.03,83,88,5.35
440,Jacqueville,CI,1659527348,5.2052,-4.4146,76.03,72,77,8.21
441,Udachny,RU,1659527349,66.4167,112.4,43.48,93,100,14.16
442,Arlit,NE,1659527349,18.7369,7.3853,103.91,9,11,8.37
443,Grand Island,US,1659527350,40.925,-98.342,75.49,83,0,10.36
444,Anchorage,US,1659527326,61.2181,-149.9003,57.65,89,40,5.01
445,Teguise,ES,1659527351,29.0605,-13.564,79.02,61,20,20.71
446,Keïta,NE,1659527351,14.7551,5.7749,91.42,39,21,5.79
447,Camacha,PT,1659527352,33.0833,-16.3333,71.02,64,75,17.27
448,Alofi,NU,1659527352,-19.0595,-169.9187,75.09,78,92,10.36
449,Vanimo,PG,1659527352,-2.6741,141.3028,79.43,87,87,8.81
450,Benjamín Aceval,PY,1659527353,-24.9667,-57.5667,73.53,43,26,7.47
451,Monrovia,LR,1659527353,6.3005,-10.7969,80.37,82,85,10.49
452,Hargeisa,SO,1659527354,9.56,44.065,85.23,31,24,17.9
453,Saint-Augustin,CA,1659527354,51.226,-58.6502,63.91,84,100,12.82
454,Urucará,BR,1659527355,-2.5364,-57.76,77.14,89,100,2.46
455,Andros,GR,1659527355,37.8333,24.9333,81.73,59,0,14.0
456,Kampene,CD,1659527356,-3.6,26.6667,89.08,36,29,1.83
457,Makkah al Mukarramah,SA,1659527356,21.4267,39.8261,97.57,35,41,17.13
458,Muroto-misakicho,JP,1659527356,33.2833,134.15,82.27,89,5,11.25
459,Thurso,GB,1659527357,58.5927,-3.5259,62.85,88,91,19.13
460,Imeni Poliny Osipenko,RU,1659527357,52.4201,136.4853,57.47,97,100,9.08
461,Batagay-Alyta,RU,1659527358,67.8006,130.4114,48.11,80,100,7.07
462,Carutapera,BR,1659527358,-1.195,-46.02,83.12,70,33,9.57
463,Dundalk,US,1659527359,39.2507,-76.5205,78.03,77,20,3.44
464,Province of Mantua,IT,1659527178,45.1667,10.7833,92.08,46,9,5.01
465,Upington,ZA,1659527359,-28.4478,21.2561,66.58,63,20,5.75
466,Rio Grande,BR,1659527360,-32.035,-52.0986,59.11,97,100,7.87
467,Pomabamba,PE,1659527360,-8.8333,-77.4667,47.71,85,77,3.36
468,Shingū,JP,1659527360,33.7333,135.9833,80.91,86,6,7.23
469,Mapiripán,CO,1659527361,2.8892,-72.1256,71.74,95,81,1.54
470,Dwārka,IN,1659527362,22.2394,68.9678,84.58,72,93,9.73
471,Atchison,US,1659527362,39.563,-95.1216,82.99,89,97,7.92
472,Chapais,CA,1659527362,49.7834,-74.8492,53.38,62,59,8.16
473,Dunda,TZ,1659527363,-8.1167,34.25,84.51,21,5,6.6
474,Tomari,RU,1659527363,47.7658,142.0683,61.95,93,72,3.85
475,Macaúbas,BR,1659527363,-13.0194,-42.6986,74.03,50,2,6.44
476,Ballina,AU,1659527364,-28.8667,153.5667,60.01,99,2,10.63
477,Oktyabr'skiy,RU,1659527100,54.4815,53.471,75.15,56,41,9.62
478,Vyshkov,RU,1659527364,52.4764,31.6873,77.72,69,72,12.1
479,Iaciara,BR,1659527365,-14.0958,-46.6317,78.66,38,39,6.4
480,Green River,US,1659527085,41.5286,-109.4662,61.99,62,17,1.01
481,Broken Hill,AU,1659527248,-31.95,141.4333,69.73,39,42,22.46
482,Morón,AR,1659527207,-34.6534,-58.6198,51.55,98,27,6.26
483,Balikpapan,ID,1659527366,-1.2675,116.8289,81.59,83,40,0.0
484,Kristinestad,FI,1659527366,62.2743,21.376,63.5,79,100,18.3
485,Sinnamary,GF,1659527366,5.3833,-52.95,78.98,88,100,9.82
486,Iracoubo,GF,1659527367,5.4802,-53.2011,78.73,88,100,9.37
487,Sioux Lookout,CA,1659527112,50.1001,-91.917,64.47,94,75,5.75
488,Saryg-Sep,RU,1659527367,51.5,95.6,76.08,37,29,5.53
489,Ligayan,PH,1659527368,4.6533,119.4706,84.74,66,88,5.32
490,Ushtobe,KZ,1659527368,45.2514,77.9838,91.78,19,77,7.94
491,Ketchikan,US,1659527368,55.3422,-131.6461,55.38,94,75,3.44
492,Görbeháza,HU,1659527369,47.8333,21.2333,86.18,29,6,5.66
493,Tombouctou,ML,1659527369,20.0,-3.0,102.09,28,4,11.25
494,Dubbo,AU,1659527369,-32.25,148.6167,60.93,82,40,4.61
495,Teahupoo,PF,1659527370,-17.8333,-149.2667,67.96,78,77,22.53
496,Mondovì,IT,1659527370,44.396,7.8176,89.53,42,14,4.79
497,Agios Vasileios,GR,1659527370,37.8,22.8,85.3,30,0,18.45
498,Kroya,ID,1659527371,-7.6331,109.2461,77.29,90,97,6.49
499,Cilegon,ID,1659527371,-6.0174,106.0538,79.27,82,92,3.38
500,Sheridan,US,1659526770,44.8333,-106.9173,64.92,59,0,5.75
501,Deputatsky,RU,1659527372,69.3,139.9,46.04,97,100,2.68
502,Boa Vista,BR,1659527372,2.8197,-60.6733,73.38,88,100,6.91
503,Chancay,PE,1659527373,-11.5714,-77.2672,59.32,89,79,5.91
504,Kirensk,RU,1659527373,57.7853,108.1119,65.14,69,90,3.91
505,Carol Stream,US,1659527373,41.9125,-88.1348,76.89,88,0,9.22
506,Cheyenne,US,1659527374,41.14,-104.8203,62.76,63,0,5.75
507,Severnyy,RU,1659527374,50.677,36.5532,73.44,83,75,11.18
508,Atasū,KZ,1659527375,48.6814,71.6433,66.92,77,99,19.84
509,Jalu,LY,1659527375,29.0331,21.5482,97.66,23,0,9.73
510,Aykhal,RU,1659527376,66.0,111.5,41.0,97,100,20.65
511,Oytal,KZ,1659527376,42.9057,73.2697,74.08,62,52,7.05
512,Qidong,CN,1659527377,31.8128,121.6561,87.93,85,1,16.28
513,Shimoda,JP,1659527377,34.6667,138.95,85.1,78,75,13.76
514,Bardstown,US,1659527377,37.8092,-85.4669,74.34,94,0,3.78
515,Panama City,PA,1659527178,8.9936,-79.5197,75.16,93,75,3.44
516,Sines Municipality,PT,1659527378,37.9562,-8.8698,71.29,79,5,12.95
517,Kem',RU,1659527378,64.9555,34.5793,67.55,43,60,13.38
518,Ipirá,BR,1659527379,-12.1583,-39.7372,75.02,56,44,11.68
519,Bakchar,RU,1659527379,57.0186,82.0711,61.81,71,96,3.42
520,Soyo,AO,1659527379,-6.1349,12.3689,73.67,73,58,9.78
521,Cockburn Town,TC,1659527380,21.4612,-71.1419,80.56,74,40,10.36
522,Iglino,RU,1659527380,54.8324,56.4126,80.69,47,20,5.19
523,Tolaga Bay,NZ,1659527381,-38.3667,178.3,50.72,86,96,4.54
524,Arman',RU,1659527381,59.7,150.1667,53.02,95,55,5.08
525,Port Hardy,CA,1659527381,50.6996,-127.4199,55.58,100,100,3.44
526,Catherinas Lust,GY,1659527383,6.4,-57.6,78.85,85,100,7.16
527,Eyemouth,GB,1659527383,55.8713,-2.0901,67.82,65,78,17.98
528,Capoterra,IT,1659527383,39.1763,8.9718,98.31,42,20,11.5
529,Nueva Gorgona,PA,1659527384,8.55,-79.8667,77.22,99,100,6.26
530,Sungai Raya,ID,1659527384,0.7,108.9,80.65,79,97,4.65
531,Morondava,MG,1659527385,-20.2833,44.2833,77.72,69,1,13.2
532,Half Moon Bay,US,1659527124,37.4636,-122.4286,63.88,87,100,12.66
533,Verāval,IN,1659527386,20.9,70.3667,84.81,74,84,10.65
534,Willowmore,ZA,1659527387,-33.2926,23.4895,66.31,42,33,15.64
535,Antalaha,MG,1659527387,-14.9003,50.2788,75.78,62,40,12.8
536,Kapoeta,SS,1659527388,4.7717,33.5903,85.3,41,34,6.51
537,Ayorou,NE,1659527388,14.7308,0.9174,93.02,38,90,2.53
538,Kailua,US,1659527389,21.4022,-157.7394,76.98,78,40,10.36
539,Agadez,NE,1659527389,19.75,10.25,101.41,18,12,8.34
540,Catuday,PH,1659527390,16.2923,119.8062,80.38,78,100,7.47
541,Biskamzha,RU,1659527390,53.4497,89.5272,63.86,62,13,4.79
542,São João da Barra,BR,1659527391,-21.6403,-41.0511,71.69,79,48,5.14
543,Okhotsk,RU,1659527391,59.3833,143.3,56.98,84,91,5.86
544,Lar,IN,1659527391,26.2039,83.9717,92.89,53,95,3.91
545,Nicoya,CR,1659527392,10.1483,-85.452,73.02,92,92,1.68
546,Outjo,NA,1659527393,-20.1167,16.15,77.14,4,13,11.5
547,Ahipara,NZ,1659527394,-35.1667,173.1667,52.92,90,38,4.68
548,Tubmanburg,LR,1659527394,6.8708,-10.8172,79.45,79,95,4.38
549,Sandakan,MY,1659527395,5.8402,118.1179,83.88,79,20,0.0
550,Gimli,CA,1659527395,50.6336,-96.9907,57.87,87,81,23.4
551,Khandyga,RU,1659527396,62.6667,135.6,64.2,93,91,1.68
552,Berëzovka,BY,1659527396,53.7214,25.4993,75.69,51,44,6.35
553,Duncan,US,1659527397,34.5023,-97.9578,79.02,61,0,5.75
554,Mabaruma,GY,1659527397,8.2,-59.7833,76.03,95,89,3.02
555,Bereda,ES,1659527397,43.2686,-7.5406,77.41,89,99,5.64
556,Portel,BR,1659527398,-1.9356,-50.8211,80.92,73,41,5.61
557,Manor,IN,1659527399,19.75,72.9167,86.11,70,89,9.26
558,Mandera,KE,1659527399,3.9366,41.867,90.91,30,65,19.91
559,Hidalgo,MX,1659527400,20.5,-99.0,57.04,92,63,1.41
560,Río Gallegos,AR,1659527161,-51.6226,-69.2181,33.85,86,0,6.91
561,Durazno,UY,1659527400,-33.4131,-56.5006,53.55,94,75,3.44
562,Poum,NC,1659527401,-20.2333,164.0167,74.66,86,1,9.91
563,Kurbnesh,AL,1659527401,41.7797,20.0836,83.3,21,15,10.63
564,Fort Smith,US,1659527401,35.3859,-94.3986,78.35,89,0,3.44
565,Namatanai,PG,1659527402,-3.6667,152.4333,79.74,80,66,9.66
566,Wawa,NG,1659527402,9.9022,4.4192,80.49,75,88,5.7
567,Skibotn,NO,1659527403,69.3913,20.2679,64.2,59,53,14.85
568,Talnakh,RU,1659527403,69.4865,88.3972,63.21,39,57,11.39
569,Marsá Maţrūḩ,EG,1659527404,31.3525,27.2453,88.0,55,0,13.8
570,Grand Gaube,MU,1659527404,-20.0064,57.6608,74.37,60,27,7.0
571,Vadsø,NO,1659527405,70.0744,29.7487,59.88,88,75,8.05
572,Mīnāb,IR,1659527405,27.1467,57.0801,104.32,37,20,9.22
573,Melilla,ES,1659527406,35.2937,-2.9383,89.8,70,20,8.05
574,Palmer,US,1659527406,42.1584,-72.3287,72.5,84,20,0.0
575,Chipinge,ZW,1659527407,-20.1883,32.6236,71.74,40,16,3.42
576,Tautira,PF,1659527407,-17.7333,-149.15,77.41,78,72,22.03
577,City of San Pedro,PH,1659527408,14.35,121.0167,85.26,82,75,9.22
578,Darhan,MN,1659527408,49.4867,105.9228,65.44,86,99,2.77
579,Port Hawkesbury,CA,1659527408,45.6169,-61.3485,72.59,87,75,12.66
580,River Falls,US,1659527409,44.8614,-92.6238,73.17,62,100,7.0
